,City,Cloudiness,Country,Date,Humidity,Lat,Lng,Max Temp,Wind Speed
0,Albany,26,US,1594701613,85,42.6,-73.97,72.0,6.73
1,Terney,46,RU,1594701781,71,45.05,136.61,66.94,5.46
2,Pedasí,95,PA,1594701782,83,7.53,-80.03,79.88,5.23
3,Wakkanai,20,JP,1594701782,68,45.41,141.67,71.6,12.75
4,Talnakh,75,RU,1594701782,93,69.49,88.4,53.6,15.66
5,Mataura,92,NZ,1594701783,88,-46.19,168.86,44.58,3.47
6,Bilma,50,NE,1594701783,35,18.69,12.92,87.64,10.27
7,Makakilo City,1,US,1594701483,54,21.35,-158.09,84.2,6.93
8,Hobart,75,AU,1594701562,76,-42.88,147.33,51.01,5.82
9,Brae,98,GB,1594701784,100,60.4,-1.35,51.8,14.99
10,Busselton,51,AU,1594701784,51,-33.65,115.33,59.0,18.45
11,Yar-Sale,63,RU,1594701784,51,66.83,70.83,57.24,20.36
12,Bluff,88,NZ,1594701784,75,-46.6,168.33,48.24,10.83
13,Norman Wells,75,CA,1594701784,59,65.28,-126.83,66.2,5.82
14,Qasigiannguit,99,GL,1594701785,87,68.82,-51.19,42.8,8.05
15,Claresholm,20,CA,1594701785,81,50.03,-113.59,53.01,10.29
16,Ribeira Grande,21,PT,1594701785,78,38.52,-28.7,68.58,7.16
17,Hermanus,92,ZA,1594701785,78,-34.42,19.23,48.99,1.99
18,Korem,30,ET,1594701785,75,12.51,39.52,60.37,8.43
19,Balabac,100,PH,1594701786,72,7.99,117.06,85.3,9.42
20,Moose Factory,1,CA,1594701786,93,51.26,-80.61,50.0,2.24
21,Butaritari,97,KI,1594701786,78,3.07,172.79,81.03,12.19
22,Kapaa,90,US,1594701786,78,22.08,-159.32,78.8,16.11
23,Longyearbyen,75,SJ,1594701787,75,78.22,15.64,46.4,4.7
24,Ōdachō-ōda,75,JP,1594701787,73,35.18,132.5,77.0,27.51
25,Uri,0,IN,1594701787,38,34.08,74.03,81.28,3.98
26,Eucaliptus,0,BO,1594701787,71,-17.58,-67.52,36.97,2.66
27,Chitradurga,100,IN,1594701787,74,14.23,76.4,77.27,15.73
28,Rikitea,100,PF,1594701788,84,-23.12,-134.97,72.91,15.84
29,Nikolskoye,0,RU,1594701788,77,59.7,30.79,62.01,8.95
30,Hithadhoo,100,MV,1594701788,67,-0.6,73.08,84.72,4.94
31,La Ronge,75,CA,1594701788,76,55.1,-105.28,57.2,10.29
32,Rocha,0,UY,1594701506,74,-34.48,-54.33,38.03,11.63
33,General Roca,62,AR,1594701789,100,-39.03,-67.58,30.2,3.4
34,Cape Town,75,ZA,1594701652,66,-33.93,18.42,53.01,8.05
35,Mar del Plata,40,AR,1594701609,60,-38.0,-57.56,41.0,13.87
36,Almaznyy,40,RU,1594701789,94,48.04,40.05,68.0,6.71
37,Dunedin,45,NZ,1594701605,65,-45.87,170.5,50.0,1.99
38,Salalah,90,OM,1594701659,100,17.02,54.09,80.6,9.17
39,Kavaratti,90,IN,1594701790,88,10.57,72.64,82.4,17.22
40,Tegul'det,22,RU,1594701790,51,57.31,88.17,78.03,6.71
41,Tuatapere,83,NZ,1594701790,81,-46.13,167.68,46.11,5.37
42,Ancud,100,CL,1594701790,100,-41.87,-73.82,39.0,3.36
43,Port Alfred,35,ZA,1594701791,52,-33.59,26.89,54.09,31.72
44,Hilo,75,US,1594701791,61,19.73,-155.09,80.6,4.7
45,Lebu,1,CL,1594701792,77,-37.62,-73.65,47.17,2.84
46,Hommelvik,100,NO,1594701792,81,63.41,10.79,53.01,8.05
47,Mundo Novo,63,BR,1594701792,98,-11.86,-40.47,61.36,0.67
48,Abnūb,0,EG,1594701792,50,27.27,31.15,75.2,11.41
49,Airai,18,TL,1594701793,58,-8.93,125.41,71.33,5.75
50,Qaanaaq,6,GL,1594701793,73,77.48,-69.36,40.62,2.57
51,Chui,0,UY,1594701793,79,-33.7,-53.46,36.63,10.83
52,Akureyri,90,IS,1594701793,93,65.68,-18.09,50.0,2.24
53,Ponta do Sol,20,PT,1594701793,82,32.67,-17.1,68.0,3.36
54,Thompson,75,CA,1594701794,93,55.74,-97.86,60.8,2.24
55,Muqui,0,BR,1594701794,65,-20.96,-41.35,65.3,3.78
56,Port Elizabeth,40,ZA,1594701794,87,-33.92,25.57,48.2,33.33
57,Caucaia,40,BR,1594701794,78,-3.74,-38.65,77.0,4.7
58,Chokurdakh,54,RU,1594701794,30,70.63,147.92,67.46,15.79
59,Nanortalik,100,GL,1594701795,91,60.14,-45.24,43.52,5.57
60,Castro,18,BR,1594701795,95,-24.79,-50.01,58.87,4.05
61,Atuona,43,PF,1594701795,78,-9.8,-139.03,79.45,16.67
62,Coquimbo,3,CL,1594701795,93,-29.95,-71.34,46.4,3.56
63,Alofi,35,NU,1594701795,60,-19.06,-169.92,73.4,16.11
64,Punta Arenas,99,CL,1594701529,89,-53.15,-70.92,33.8,6.38
65,Erzin,29,TR,1594701796,82,36.96,36.2,82.99,3.94
66,Jalu,0,LY,1594701796,47,29.03,21.55,74.91,8.81
67,Ushuaia,40,AR,1594701789,91,-54.8,-68.3,32.0,13.87
68,Torbay,75,CA,1594701786,93,47.67,-52.73,64.4,13.87
69,Rome,90,US,1594701797,88,43.21,-75.46,66.2,2.21
70,Paris,87,FR,1594701560,58,48.85,2.35,63.0,4.7
71,Aitape,86,PG,1594701797,69,-3.14,142.35,84.25,7.61
72,Shache,100,CN,1594701797,32,38.42,77.24,83.61,6.67
73,Langsa,90,ID,1594701797,55,4.47,97.97,90.18,5.12
74,Asău,19,RO,1594701798,78,46.43,26.4,55.99,1.81
75,Ahipara,81,NZ,1594701798,79,-35.17,173.17,59.0,7.38
76,Loandjili,10,CG,1594701798,88,-4.76,11.86,70.16,3.96
77,Carnarvon,75,AU,1594701597,64,-24.87,113.63,73.4,12.75
78,Pierre,1,US,1594701798,83,44.37,-100.35,75.0,5.82
79,Marsh Harbour,100,BS,1594701798,77,26.54,-77.06,83.46,8.93
80,Masumbwe,7,TZ,1594701799,54,-3.63,32.18,62.33,5.14
81,Puerto Ayora,17,EC,1594701799,92,-0.74,-90.35,66.99,1.99
82,Pitimbu,14,BR,1594701799,79,-7.47,-34.81,74.71,7.54
83,Saldanha,82,ZA,1594701799,66,-33.01,17.94,50.0,9.17
84,Igrim,42,RU,1594701800,46,63.19,64.42,64.85,5.82
85,Yumen,29,CN,1594701800,25,40.28,97.2,85.39,12.21
86,Tasiilaq,45,GL,1594701800,93,65.61,-37.64,41.0,1.12
87,New Norfolk,10,AU,1594701800,78,-42.78,147.06,51.01,1.01
88,Deputatsky,100,RU,1594701801,97,69.3,139.9,51.73,6.31
89,Vao,100,NC,1594701801,81,-22.67,167.48,72.48,11.07
90,Taltal,23,CL,1594701801,72,-25.4,-70.48,53.76,2.3
91,El Estor,52,GT,1594701801,88,15.53,-89.35,75.92,0.92
92,Emporia,1,US,1594701801,73,38.4,-96.18,75.2,9.17
93,Vila Velha,0,BR,1594701801,100,-20.33,-40.29,64.4,3.36
94,Nelson Bay,75,AU,1594701802,93,-32.72,152.15,59.0,24.16
95,Kavieng,84,PG,1594701802,68,-2.57,150.8,84.42,7.76
96,Moate,100,IE,1594701802,91,53.55,-7.72,51.01,1.99
97,Yellowknife,90,CA,1594701664,100,62.46,-114.35,57.2,20.8
98,‘Āhuimanu,1,US,1594701803,61,21.44,-157.84,84.2,11.41
99,Jamestown,1,US,1594701803,82,42.1,-79.24,62.6,4.7
100,East London,0,ZA,1594701749,46,-33.02,27.91,55.4,14.99
101,Deep River,75,CA,1594701725,72,46.1,-77.5,66.2,4.56
102,Hede,99,CN,1594701804,73,33.77,120.25,78.4,8.41
103,La Orilla,17,MX,1594701804,81,17.98,-102.23,78.48,3.0
104,Khovd,100,MN,1594701804,53,48.01,91.64,62.22,7.14
105,Atar,8,MR,1594701804,22,20.52,-13.05,88.9,10.31
106,Pevek,7,RU,1594701804,69,69.7,170.31,44.71,5.1
107,Fortuna,1,US,1594701686,87,40.6,-124.16,55.99,6.93
108,Constitución,60,CL,1594701805,76,-35.33,-72.42,51.53,5.99
109,West Lake Stevens,1,US,1594701555,67,47.99,-122.1,61.0,5.82
110,Kyaikto,100,MM,1594701805,93,17.3,97.02,77.56,8.66
111,Constantine,11,DZ,1594701806,72,36.37,6.61,66.2,4.7
112,Monzón,60,ES,1594701806,72,41.91,0.19,64.0,5.82
113,Bethel,75,US,1594701806,77,41.37,-73.41,70.0,4.12
114,San Miguel,69,SV,1594701507,92,13.48,-88.18,74.07,1.45
115,Pangnirtung,100,CA,1594701806,55,66.15,-65.71,51.78,4.32
116,Nālūt,0,LY,1594701807,46,30.33,10.85,71.01,12.8
117,Arraial do Cabo,8,BR,1594701807,70,-22.97,-42.03,72.77,5.7
118,NEDJO,66,ET,1594701807,95,9.5,35.5,59.36,1.7
119,Bambous Virieux,40,MU,1594701808,94,-20.34,57.76,73.0,4.7
120,Birjand,40,IR,1594701808,17,32.87,59.22,84.2,9.17
121,Sørland,25,NO,1594701808,87,67.67,12.69,52.92,9.24
122,Hong Kong,15,HK,1594701595,62,22.29,114.16,93.0,5.99
123,Nandyāl,100,IN,1594701808,78,15.48,78.48,79.9,9.8
124,Dakar,75,SN,1594701726,94,14.69,-17.44,71.6,14.99
125,Paengaroa,97,NZ,1594701809,85,-37.82,176.42,59.0,1.99
126,Vaini,75,TO,1594701809,69,-21.2,-175.2,73.4,10.29
127,Port Hardy,20,CA,1594701809,82,50.7,-127.42,57.2,8.05
128,Klaksvík,98,FO,1594701809,100,62.23,-6.59,48.2,6.93
129,Culebra,75,PR,1594701810,78,18.3,-65.3,84.2,6.93
130,Mehamn,75,NO,1594701810,81,71.04,27.85,46.4,3.36
131,Guisa,10,CU,1594701810,90,20.25,-76.54,74.34,2.8
132,Malé,75,MV,1594701810,84,4.17,73.51,87.8,6.93
133,Salym,87,RU,1594701811,48,60.06,71.48,68.59,6.11
134,Barrow,90,US,1594701811,82,71.29,-156.79,37.4,11.41
135,Jining,100,CN,1594701811,20,35.41,116.58,87.01,1.01
136,Patiya,90,BD,1594701811,83,22.29,91.98,82.4,13.87
137,Itoman,75,JP,1594701812,84,26.12,127.67,89.6,12.75
138,Korla,67,CN,1594701545,18,41.76,86.15,85.15,2.57
139,Saint George,1,US,1594701812,12,37.1,-113.58,98.6,9.17
140,Caravelas,40,BR,1594701812,92,-17.71,-39.25,68.86,3.69
141,Touros,0,BR,1594701813,88,-5.2,-35.46,69.8,4.7
142,Saint-Augustin,100,CA,1594701813,87,51.23,-58.65,51.44,14.88
143,College,75,US,1594701813,59,64.86,-147.8,66.2,5.82
144,Kumul,37,CN,1594701813,19,42.8,93.45,87.22,5.88
145,Guerrero Negro,0,MX,1594701814,75,27.98,-114.06,70.36,14.7
146,Verkh-Usugli,19,RU,1594701814,39,52.7,115.17,81.45,5.28
147,Krasnoarmeysk,28,RU,1594701814,41,51.02,45.7,75.0,3.0
148,Kirkwall,95,GB,1594701814,93,58.98,-2.96,53.6,16.11
149,Bredasdorp,99,ZA,1594701815,87,-34.53,20.04,46.4,11.41
150,Huilong,99,CN,1594701815,84,31.81,121.66,81.0,6.91
151,Paita,85,PE,1594701815,86,-5.09,-81.11,62.96,10.29
152,Berdigestyakh,0,RU,1594701815,33,62.1,126.7,83.19,6.55
153,Tiksi,100,RU,1594701815,94,71.69,128.87,42.78,5.68
154,Hasaki,75,JP,1594701816,88,35.73,140.83,77.0,4.7
155,Saint Paul Harbor,90,US,1594701783,71,57.79,-152.41,57.2,8.05
156,Dikson,100,RU,1594701816,97,73.51,80.55,39.04,15.08
157,Mahébourg,40,MU,1594701816,94,-20.41,57.7,68.0,4.7
158,Kaseda-shirakame,75,JP,1594701816,87,31.42,130.32,73.0,14.99
159,Margate,100,GB,1594701817,62,51.38,1.39,64.0,1.01
160,Hay River,90,CA,1594701817,100,60.82,-115.8,53.6,13.87
161,Dhārchula,98,IN,1594701817,65,29.85,80.53,76.01,1.48
162,Daru,93,PG,1594701735,87,-9.08,143.21,78.1,18.32
163,Codrington,4,AU,1594701817,70,-38.27,141.97,55.44,9.26
164,Pasni,28,PK,1594701818,72,25.26,63.47,84.83,8.5
165,Evensk,55,RU,1594701818,84,61.95,159.23,56.73,9.1
166,Shiyan,100,CN,1594701818,88,32.65,110.78,70.07,3.51
167,Lexington Park,90,US,1594701818,78,38.27,-76.45,75.99,4.7
168,Buraidah,0,SA,1594701818,36,26.33,43.98,91.4,18.34
169,Port-Gentil,99,GA,1594701819,87,-0.72,8.78,73.09,14.7
170,Maralal,67,KE,1594701819,84,1.1,36.7,58.3,3.94
171,Agua Dulce,59,MX,1594701819,83,18.13,-94.13,79.66,6.98
172,Ji’an,67,CN,1594701819,58,27.12,114.98,95.2,2.1
173,Mafinga,0,TZ,1594701819,64,-7.25,35.07,62.44,1.05
174,Pisco,90,PE,1594701618,93,-13.7,-76.22,60.01,3.36
175,Preobrazheniye,13,RU,1594701820,66,42.9,133.91,68.88,7.92
176,Rāmshīr,40,IR,1594701820,19,30.89,49.41,95.0,11.41
177,Puerto Nariño,84,CO,1594701820,98,-3.77,-70.38,71.11,1.59
178,Keetmanshoop,0,NA,1594701820,80,-26.58,18.13,41.0,9.17
179,Waipawa,25,NZ,1594701821,71,-41.41,175.52,55.0,4.7
180,Winneba,90,GH,1594701821,94,5.35,-0.62,75.2,16.11
181,Bitung,40,ID,1594701821,66,1.45,125.18,89.6,3.36
182,Sept-Îles,75,CA,1594701786,87,50.2,-66.38,60.01,6.42
183,Provideniya,90,RU,1594701822,81,64.38,-173.3,50.0,15.66
184,Chapais,1,CA,1594701822,82,49.78,-74.85,57.2,3.36
185,Xushan,75,CN,1594701822,74,30.18,121.25,87.01,2.24
186,Mount Isa,59,AU,1594701822,19,-20.73,139.5,69.8,10.29
187,Souillac,40,MU,1594701823,94,-20.52,57.52,68.0,4.7
188,Seydi,2,TM,1594701823,10,39.48,62.91,97.34,7.29
189,San Cristobal,83,VE,1594701823,87,7.77,-72.22,64.89,4.41
190,Port Macquarie,75,AU,1594701823,72,-31.43,152.92,61.0,20.8
191,Sarmanovo,40,RU,1594701823,54,55.26,52.59,78.8,20.13
192,Kabanjahe,75,ID,1594701824,79,3.1,98.49,84.2,6.93
193,Media Luna,18,CU,1594701824,84,20.14,-77.44,79.29,9.8
194,Kailua,1,US,1594701824,61,21.4,-157.74,82.4,11.41
195,Launceston,4,AU,1594701571,62,-41.45,147.17,55.0,14.99
196,Avera,40,US,1594701825,88,33.19,-82.53,78.8,4.7
197,George Town,20,MY,1594701526,79,5.41,100.34,86.0,4.7
198,Los Llanos de Aridane,20,ES,1594701825,77,28.66,-17.92,68.0,13.87
199,Alta Floresta,6,BR,1594701825,55,-9.88,-56.09,71.19,2.35
200,Bouza,9,NE,1594701825,59,14.42,6.04,80.22,12.39
201,Biak,64,ID,1594701826,76,-0.91,122.88,81.18,2.55
202,Aripuanã,15,BR,1594701826,64,-9.17,-60.63,73.02,1.16
203,Nome,1,US,1594701826,66,64.5,-165.41,60.01,18.34
204,Ardakān,16,IR,1594701826,15,32.31,54.02,90.93,13.56
205,Ambad,100,IN,1594701827,78,19.62,75.8,79.36,12.62
206,New Ross,99,IE,1594701827,83,52.4,-6.94,54.0,4.74
207,Dingle,39,PH,1594701827,61,11.0,122.67,89.67,2.64
208,Saskylakh,36,RU,1594701827,35,71.92,114.08,73.92,9.44
209,Tsimmerbude,75,RU,1594701828,82,54.67,20.13,59.0,6.71
210,Mariental,3,NA,1594701828,94,-24.63,17.97,36.21,7.38
211,Andalan,60,PH,1594701828,67,5.96,121.39,83.79,5.82
212,Ivanovka,99,KG,1594701828,28,42.89,75.08,82.4,4.47
213,Labytnangi,77,RU,1594701829,56,66.66,66.42,57.69,15.1
214,Diapaga,90,BF,1594701829,87,12.07,1.79,74.5,12.33
215,Tazovsky,100,RU,1594701829,85,67.47,78.7,45.27,20.09
216,Husavik,90,IS,1594701829,93,66.04,-17.34,50.0,2.24
217,Mildura,0,AU,1594701830,54,-34.2,142.15,61.0,6.93
218,Los Zacatones,75,MX,1594701830,60,22.95,-102.05,69.8,20.29
219,Vardø,75,NO,1594701830,87,70.37,31.11,46.4,9.17
220,Khunti,75,IN,1594701777,88,23.08,85.28,80.6,3.36
221,Leningradskiy,100,RU,1594701830,84,69.38,178.42,39.45,10.67
222,Matthews,1,US,1594701739,94,35.12,-80.72,77.0,2.75
223,Bambanglipuro,10,ID,1594701687,67,-7.95,110.28,85.08,15.05
224,Harper,100,LR,1594701831,84,4.38,-7.72,75.22,11.7
225,Mackenzie,75,CA,1594701831,45,55.3,-123.17,64.4,8.05
226,Kapit,100,MY,1594701831,71,2.02,112.93,83.05,3.24
227,Ormara,49,PK,1594701831,74,25.21,64.64,85.35,10.51
228,Beyneu,0,KZ,1594701666,17,45.32,55.2,98.89,15.28
229,Praia da Vitória,20,PT,1594701832,82,38.73,-27.07,68.0,7.31
230,Noumea,90,NC,1594701832,60,-22.28,166.46,75.2,10.29
231,Lapua,10,FI,1594701832,97,62.97,23.01,50.0,2.66
232,Örnsköldsvik,1,SE,1594701832,81,63.29,18.72,53.6,2.24
233,Kaitangata,82,NZ,1594701833,67,-46.28,169.85,48.0,4.0
234,Nelson,91,NZ,1594701693,76,-41.28,173.28,53.01,1.39
235,Morehead,1,US,1594701833,100,37.27,-87.18,68.0,2.13
236,Severo-Kuril'sk,96,RU,1594701833,87,50.68,156.12,50.81,5.86
237,Datong,0,CN,1594701833,35,40.09,113.29,83.34,4.12
238,Ōhara,75,JP,1594701834,88,35.25,140.38,77.0,4.7
239,Cherskiy,91,RU,1594701834,40,68.75,161.3,64.51,13.2
240,Narsaq,100,GL,1594701834,81,60.92,-46.05,48.2,4.7
241,Altay,53,CN,1594701834,35,47.87,88.12,72.5,9.08
242,Igarka,57,RU,1594701834,65,67.47,86.58,58.42,17.52
243,Am Timan,99,TD,1594701835,91,11.03,20.28,72.3,7.29
244,Zhigansk,7,RU,1594701835,44,66.77,123.37,72.45,5.95
245,Perbaungan,75,ID,1594701835,79,3.57,98.96,84.2,6.93
246,Avarua,100,CK,1594701835,60,-21.21,-159.78,69.8,9.17
247,Antalaha,35,MG,1594701836,72,-14.9,50.28,70.47,4.54
248,Cacoal,4,BR,1594701836,75,-11.44,-61.45,72.93,1.86
249,Palmer,90,US,1594701836,94,42.16,-72.33,68.0,3.36
250,Hobyo,55,SO,1594701836,69,5.35,48.53,80.17,22.68
251,Hirara,40,JP,1594701836,63,24.8,125.28,93.2,18.34
252,Grand-Santi,0,GF,1594701837,96,4.25,-54.38,70.56,1.48
253,Brigantine,20,US,1594701837,65,39.41,-74.36,77.0,4.7
254,Batangafo,100,CF,1594701837,98,7.3,18.28,69.66,4.94
255,Cidreira,1,BR,1594701837,68,-30.18,-50.21,49.14,14.29
256,Porto-Novo,40,BJ,1594701838,94,6.5,2.6,75.2,11.41
257,Cuilco,100,GT,1594701838,76,15.4,-91.97,66.83,1.03
258,Lavrentiya,29,RU,1594701838,61,65.58,-171.0,50.34,9.42
259,Sioux Lookout,90,CA,1594701838,88,50.1,-91.92,62.6,12.75
260,São Félix do Xingu,43,BR,1594701838,57,-6.64,-51.99,69.12,0.43
261,Batticaloa,76,LK,1594701839,62,7.71,81.69,86.77,4.29
262,Ternate,99,ID,1594701839,73,0.8,127.4,82.62,4.74
263,Bestöbe,0,KZ,1594701839,47,52.5,73.1,81.75,11.86
264,Lorengau,37,PG,1594701839,69,-2.02,147.27,84.42,6.02
265,Hailey,5,US,1594701839,18,43.52,-114.32,64.4,6.93
266,Il’inskiy,90,RU,1594701840,93,55.62,38.12,63.0,6.71
267,Cascais,0,PT,1594701840,57,38.7,-9.42,70.0,13.0
268,Upernavik,100,GL,1594701840,89,72.79,-56.15,39.88,21.52
269,Tuktoyaktuk,20,CA,1594701841,55,69.45,-133.04,62.6,10.29
270,Cam Ranh,20,VN,1594701841,66,11.92,109.16,89.6,12.75
271,Port Hedland,0,AU,1594701841,40,-20.32,118.57,84.2,11.41
272,Cukai,40,MY,1594701841,79,4.25,103.42,86.0,4.7
273,Mujiayingzi,100,CN,1594701841,39,42.12,118.78,81.52,6.73
274,Buala,68,SB,1594701842,66,-8.14,159.59,84.56,5.17
275,Basavakalyan,100,IN,1594701842,89,17.87,76.95,75.04,12.59
276,Dingzhou,85,CN,1594701842,58,38.51,115.0,86.0,6.71
277,Abis,75,PH,1594701842,74,9.72,122.94,86.0,6.93
278,Gondal,98,IN,1594701842,10,21.97,70.8,88.0,10.09
279,Hollola,0,FI,1594701843,85,61.05,25.43,51.73,4.18
280,Disraeli,75,CA,1594701843,93,45.9,-71.35,66.2,6.33
281,The Valley,20,AI,1594701843,74,18.22,-63.06,84.2,9.17
282,Valdosta,1,US,1594701584,83,30.83,-83.28,80.6,3.36
283,Lagoa,10,PT,1594701844,79,39.05,-27.98,67.98,6.29
284,Neiafu,75,TO,1594701844,78,-18.65,-173.98,75.2,10.29
285,Isla Mujeres,5,MX,1594701844,78,21.23,-86.73,82.99,5.82
286,Görbeháza,0,HU,1594701844,76,47.83,21.23,55.4,9.17
287,Antequera,0,ES,1594701844,64,37.02,-4.56,75.0,9.17
288,Āzādshahr,19,IR,1594701844,43,34.79,48.57,71.6,6.93
289,Bengkulu,100,ID,1594701845,64,-3.8,102.27,85.57,5.5
290,Rafaela,0,AR,1594701845,47,-31.25,-61.49,43.0,1.68
291,São Sebastião,23,BR,1594701845,83,-23.76,-45.41,69.64,5.66
292,Khatanga,87,RU,1594701845,40,71.97,102.5,73.69,8.77
293,Vadamadurai,100,IN,1594701846,62,10.47,78.08,83.66,7.23
294,Kirkel,33,DE,1594701846,66,49.28,7.23,55.99,2.24
295,Port Lincoln,0,AU,1594701847,62,-34.73,135.87,58.68,10.96
296,Baruun-Urt,63,MN,1594701847,39,46.68,113.28,81.88,3.0
297,Saint-Philippe,66,RE,1594701847,60,-21.36,55.77,72.0,6.93
298,Shimoda,75,JP,1594701847,100,34.67,138.95,77.0,17.22
299,Okakarara,0,NA,1594701847,60,-20.58,17.43,38.28,3.27
300,Muisne,98,EC,1594701848,88,0.6,-80.03,74.52,8.08
301,Hamilton,40,US,1594701552,83,39.18,-84.53,72.0,3.62
302,Klyuchi,51,RU,1594701848,48,52.27,79.17,75.9,12.12
303,Melilla,75,ES,1594701848,88,35.29,-2.94,73.4,3.36
304,Belmonte,92,BR,1594701848,88,-15.86,-38.88,69.8,2.24
305,Zhangye,12,CN,1594701849,21,38.93,100.45,88.83,6.42
306,Gizo Government Station,100,SB,1594701849,69,-8.1,156.84,84.25,3.76
307,Sampit,53,ID,1594701849,85,-2.53,112.95,83.07,4.29
308,Mayo,90,US,1594701849,69,38.89,-76.51,77.0,6.93
309,Sitka,90,US,1594701850,82,57.05,-135.33,55.4,6.93
310,Naze,75,JP,1594701850,75,28.37,129.48,89.6,13.87
311,Opelika,1,US,1594701706,83,32.65,-85.38,78.8,3.27
312,Aklavik,20,CA,1594701850,45,68.22,-135.01,66.2,4.7
313,Aleksandrov Gay,54,RU,1594701851,17,50.15,48.57,97.47,22.03
314,Diamantino,10,BR,1594701851,48,-14.41,-56.45,73.78,2.8
315,Leiyang,62,CN,1594701851,47,26.4,112.86,98.89,2.21
316,Haines Junction,100,CA,1594701851,56,60.75,-137.51,55.18,4.5
317,Faya,9,SA,1594701852,33,18.39,42.45,71.6,5.82
318,Toamasina,20,MG,1594701852,93,-18.17,49.38,62.6,2.24
319,Chumikan,23,RU,1594701852,74,54.72,135.31,62.26,8.19
320,Ankang,100,CN,1594701852,83,32.68,109.02,71.29,4.14
321,Colares,0,PT,1594701853,57,38.8,-9.45,70.0,13.0
322,Fallon,20,US,1594701853,14,39.47,-118.78,86.0,10.29
323,Ruteng,70,ID,1594701853,75,-8.61,120.47,72.3,0.92
324,Padang,100,ID,1594701853,60,-0.95,100.35,84.92,2.33
325,Xai-Xai,0,MZ,1594701853,55,-25.05,33.64,57.49,10.71
326,Praia,40,CV,1594701854,78,14.92,-23.51,78.8,2.24
327,Broome,1,US,1594701854,82,42.25,-75.83,62.6,5.82
328,Cowra,38,AU,1594701854,72,-33.83,148.68,51.01,1.99
329,Frontera,0,MX,1594701854,26,26.93,-101.45,88.75,6.71
330,Faanui,54,PF,1594701854,82,-16.48,-151.75,79.32,12.26
331,Contamana,0,PE,1594701855,91,-7.33,-75.02,72.01,0.76
332,Tevaitoa,64,PF,1594701855,78,-16.78,-151.5,80.01,10.36
333,Gigmoto,45,PH,1594701855,63,13.78,124.39,87.89,8.14
334,Hualmay,1,PE,1594701855,86,-11.1,-77.61,60.87,6.85
335,Lata,40,PT,1594701856,79,40.16,-8.33,69.01,3.06
336,Okhotsk,6,RU,1594701856,61,59.38,143.3,68.04,12.93
337,Kawalu,88,ID,1594701856,68,-7.38,108.21,82.49,4.41
338,Ust-Tsilma,97,RU,1594701856,57,65.44,52.15,61.25,3.56
339,Ventspils,90,LV,1594701856,100,57.39,21.56,55.4,3.36
340,Miramar,1,US,1594701566,78,25.99,-80.23,82.99,5.82
341,Henderson,1,US,1594701672,8,36.04,-114.98,102.2,16.11
342,Riviere-au-Renard,75,CA,1594701857,87,49.0,-64.4,55.4,3.36
343,Apatity,95,RU,1594701857,78,67.56,33.4,52.63,5.26
344,Leninskoye,25,RU,1594701857,74,47.94,132.62,81.14,1.77
345,Murmino,95,RU,1594701858,81,54.6,40.05,68.0,4.0
346,Arawa,92,PG,1594701858,71,-6.21,155.54,83.41,2.46
347,Unisan,41,PH,1594701858,67,13.84,121.98,86.47,6.06
348,Bonthe,100,SL,1594701858,89,7.53,-12.51,75.94,12.48
349,Port Augusta,0,AU,1594701859,72,-32.5,137.77,59.0,2.24
350,Miles City,1,US,1594701771,30,46.41,-105.84,68.0,11.41
351,Preslav,0,BG,1594701859,68,43.17,26.82,58.96,2.19
352,Kibala,100,TD,1594701859,94,9.11,18.35,70.57,8.39
353,Vila Franca do Campo,20,PT,1594701859,88,37.72,-25.43,64.4,6.93
354,Neringa,75,LT,1594701860,82,55.37,21.06,60.8,6.71
355,Tual,60,ID,1594701860,84,-5.67,132.75,79.14,22.12
356,St. George's,20,GD,1594701860,83,12.06,-61.75,82.4,11.43
357,Hofn,100,IS,1594701860,79,64.25,-15.21,50.95,4.76
358,Clyde River,75,CA,1594701860,87,70.47,-68.59,42.8,7.38
359,Vila do Maio,40,CV,1594701861,78,15.13,-23.22,78.8,2.24
360,Cockburn Town,40,TC,1594701861,84,21.46,-71.14,82.81,19.62
361,Gibsons,0,CA,1594701861,64,49.4,-123.5,64.0,1.41
362,Dabakala,96,CI,1594701861,95,8.37,-4.43,70.92,6.96
363,Riyadh,30,SA,1594701775,16,24.69,46.72,95.0,6.93
364,Goundam,99,ML,1594701862,57,16.41,-3.67,83.91,23.04
365,Bartica,20,GY,1594701862,94,6.4,-58.62,77.0,2.24
366,Shenjiamen,99,CN,1594701862,86,29.96,122.3,77.29,6.24
367,Bayan,1,CN,1594701862,48,46.08,127.4,86.97,4.72
368,San Rafael,50,AR,1594701863,72,-34.62,-68.33,39.61,2.39
369,Oktyabr'skoye,75,RU,1594701863,73,43.06,44.74,71.6,8.95
370,Vostok,71,RU,1594701863,92,46.49,135.88,69.84,2.75
371,Vikhorevka,32,RU,1594701864,45,56.12,101.16,82.4,4.47
372,Inuvik,20,CA,1594701741,45,68.35,-133.72,66.2,4.7
373,Baykit,52,RU,1594701864,38,61.67,96.37,77.79,9.37
374,Kieta,93,PG,1594701864,70,-6.22,155.63,83.23,3.04
375,Ostrovnoy,49,RU,1594701865,70,68.05,39.51,50.54,6.73
376,Hambantota,75,LK,1594701865,74,6.12,81.12,87.8,12.75
377,Srednekolymsk,86,RU,1594701865,31,67.45,153.68,71.47,11.1
378,Campoverde,6,PE,1594701865,90,-8.48,-74.81,72.3,0.94
379,Yaan,100,NG,1594701866,98,7.38,8.57,71.46,4.81
380,Nouadhibou,75,MR,1594701866,94,20.93,-17.03,68.0,19.46
381,Mabaruma,10,GY,1594701866,99,8.2,-59.78,72.77,1.72
382,Esperance,75,AU,1594701866,87,-33.87,121.9,51.8,17.22
383,Arrondissement de Mont-de-Marsan,90,FR,1594701866,93,44.0,-0.67,57.99,4.7
384,Beloha,12,MG,1594701867,83,-25.17,45.05,61.83,3.36
385,Verkhoshizhem'ye,100,RU,1594701867,84,58.01,49.1,75.13,9.93
386,Wasilla,40,US,1594701867,48,61.58,-149.44,68.0,3.36
387,Olafsvik,100,IS,1594701867,84,64.89,-23.71,51.58,3.42
388,Bathurst,33,AU,1594701867,63,-33.42,149.58,54.0,14.25
389,Kruisfontein,93,ZA,1594701868,82,-34.0,24.73,46.62,24.0
390,Gaza,0,PS,1594701812,70,31.5,34.47,75.99,6.58
391,Sompeta,96,IN,1594701868,70,18.93,84.6,86.54,3.62
392,Kargopol',100,RU,1594701868,97,61.51,38.95,52.47,5.57
393,Dvorichna,100,UA,1594701868,94,49.85,37.69,64.4,10.92
394,Tucumcari,75,US,1594701635,31,35.17,-103.72,87.8,12.75
395,Bandarbeyla,97,SO,1594701869,55,9.49,50.81,83.52,28.25
396,Maniitsoq,14,GL,1594701869,85,65.42,-52.9,43.12,16.28
397,Marabu,40,MY,1594701654,74,4.41,114.01,86.0,5.82
398,Tonj,67,SS,1594701870,91,7.27,28.68,71.82,1.36
399,Nizhnyaya Omka,45,RU,1594701870,68,55.43,74.94,74.44,11.63
400,Katsuura,75,JP,1594701870,88,35.13,140.3,79.0,19.46
401,Jaisalmer,0,IN,1594701870,44,26.91,70.92,95.22,9.95
402,Lesozavodsk,0,RU,1594701870,67,45.48,133.42,78.26,5.14
403,Urdoma,99,RU,1594701871,92,61.75,48.54,61.12,5.1
404,Rawson,0,AR,1594701871,77,-43.3,-65.1,36.52,13.6
405,Menongue,0,AO,1594701871,58,-14.66,17.69,42.89,2.71
406,Changping,0,CN,1594701872,49,40.22,116.22,97.0,4.47
407,Bougouni,100,ML,1594701872,91,11.42,-7.48,70.05,3.65
408,Lieksa,52,FI,1594701872,80,63.32,30.02,56.26,6.58
409,Dubuque,1,US,1594701872,94,42.48,-90.87,73.0,8.05
410,Mirny,40,RU,1594701872,34,62.54,113.96,80.6,2.24
411,Mawlaik,100,MM,1594701873,92,23.63,94.42,78.42,1.9
412,Merauke,95,ID,1594701873,79,-8.47,140.33,80.64,20.54
413,Wuda,0,CN,1594701873,29,39.5,106.71,88.02,13.65
414,Sorong,84,ID,1594701873,72,-0.88,131.25,83.98,7.11
415,Alice Springs,0,AU,1594701607,33,-23.7,133.88,59.0,12.75
416,De-Kastri,46,RU,1594701874,65,51.47,140.78,66.42,7.34
417,Boende,100,CD,1594701874,90,-0.22,20.87,71.35,0.27
418,Fairmont,51,US,1594701775,90,39.49,-80.14,69.01,3.33
419,Oruzgan,0,AF,1594701875,14,32.83,66.0,83.82,6.62
420,Abalak,9,RU,1594701875,48,58.13,68.59,78.69,1.05
421,Khani,75,GE,1594701875,88,41.96,42.96,71.6,3.36
422,Lasem,2,ID,1594701875,56,-6.69,111.45,88.29,9.57
423,Quelimane,0,MZ,1594701875,77,-17.88,36.89,68.0,3.36
424,Portland,20,US,1594701792,53,45.52,-122.68,71.6,8.05
425,Ulagan,100,RU,1594701876,82,50.63,87.96,54.81,2.46
426,Westport,1,US,1594701719,64,41.14,-73.36,75.2,4.7
427,Port Blair,85,IN,1594701876,76,11.67,92.75,82.99,13.62
428,Hīt,0,IQ,1594701877,22,33.64,42.83,91.78,12.95
429,Ulladulla,75,AU,1594701676,100,-35.35,150.47,55.4,18.34
430,Kindu,99,CD,1594701877,96,-2.95,25.95,70.3,0.81
431,Muravlenko,2,RU,1594701877,52,63.79,74.52,60.66,19.3
432,Nakhon Thai,40,TH,1594701877,70,17.1,100.84,86.0,3.04
433,Usinsk,41,RU,1594701878,56,65.99,57.53,61.88,7.0
434,Murray Bridge,0,AU,1594701878,75,-35.12,139.27,57.99,1.99
435,Maridi,78,SS,1594701878,97,4.92,29.47,67.24,4.36
436,Tessalit,1,ML,1594701878,21,20.2,1.01,89.42,13.02
437,Gayéri,99,BF,1594701879,79,12.65,0.49,77.67,14.36
438,Tocopilla,0,CL,1594701879,61,-22.09,-70.2,57.09,1.97
439,São Filipe,42,CV,1594701879,86,14.9,-24.5,77.09,0.51
440,Zhezkazgan,0,KZ,1594701879,30,47.8,67.71,80.6,22.37
441,Nachingwea,70,TZ,1594701879,85,-10.38,38.77,65.64,3.67
442,Soyo,16,AO,1594701880,86,-6.13,12.37,69.73,5.88
443,Bikin,22,RU,1594701880,79,46.82,134.26,78.12,3.91
444,Barcelos,61,PT,1594701880,68,41.54,-8.62,73.99,4.7
445,Makaleng,0,BW,1594701880,50,-20.9,27.28,30.2,4.7
446,Auki,100,SB,1594701881,66,-8.77,160.7,84.54,3.06
447,Muromtsevo,1,RU,1594701881,52,56.37,75.24,74.88,9.71
448,Annau,75,TM,1594701881,31,37.89,58.52,89.6,6.93
449,Zainsk,40,RU,1594701881,54,55.32,52.07,78.8,20.13
450,Geilo,100,NO,1594701882,87,60.53,8.21,48.0,2.89
451,Bulawayo,0,ZW,1594701882,51,-20.15,28.58,45.59,1.36
452,Kati,75,ML,1594701882,88,12.74,-8.07,73.4,9.17
453,Sosnovka,13,RU,1594701883,73,56.26,51.28,79.54,6.69
454,Bustamante,0,MX,1594701883,45,26.53,-100.5,84.79,15.1
455,Sibolga,100,ID,1594701883,57,1.74,98.78,86.29,5.01
456,Reconquista,0,AR,1594701883,78,-29.15,-59.65,43.48,4.03
457,Madimba,94,TZ,1594701883,85,-10.4,40.33,71.29,10.67
458,Acapulco de Juárez,4,MX,1594701695,75,16.86,-99.89,80.47,2.84
459,Fazilpur,0,PK,1594701884,75,32.18,75.07,89.6,4.7
460,Perth,20,AU,1594701624,55,-31.93,115.83,64.0,17.22
461,Mananjary,6,MG,1594701884,83,-21.22,48.33,67.95,4.63
462,Olinda,40,BR,1594701885,88,-8.01,-34.86,73.4,2.24
463,Cayenne,1,GF,1594701885,100,4.93,-52.33,77.0,6.67
464,Tías,40,ES,1594701885,77,28.96,-13.64,69.8,16.11
465,Beira,0,MZ,1594701885,93,-19.84,34.84,55.4,3.36
466,Tobol,1,KZ,1594701666,42,52.68,62.58,81.66,7.43
467,Walvis Bay,0,NA,1594701886,93,-22.96,14.51,51.01,8.05
468,Denpasar,40,ID,1594701886,88,-8.65,115.22,82.4,18.34
469,San Vicente,37,AR,1594701886,78,-26.62,-54.13,45.21,5.7
470,Kupang,20,ID,1594701886,48,-10.17,123.58,86.0,21.92
471,São João da Barra,6,BR,1594701887,75,-21.64,-41.05,71.17,6.49
472,Tandil,0,AR,1594701887,52,-37.32,-59.13,37.0,8.01
473,Sousa,20,BR,1594701887,75,-6.76,-38.23,69.71,2.15
474,Athens,20,GR,1594701591,53,37.98,23.72,75.99,6.93
475,Villa Vicente Guerrero,45,MX,1594701888,79,19.12,-98.17,58.39,1.43
476,Isangel,75,VU,1594701888,58,-19.55,169.27,82.4,8.05
477,Grindavik,75,IS,1594701888,93,63.84,-22.43,50.0,11.41
478,Kiunga,83,PG,1594701888,63,-6.12,141.29,87.87,3.0
479,Tarko-Sale,86,RU,1594701889,61,64.92,77.78,59.0,1.99
480,Muros,72,ES,1594701889,79,42.78,-9.06,62.01,5.01
481,Ketchikan,90,US,1594701889,87,55.34,-131.65,59.0,13.87
482,Ilulissat,100,GL,1594701889,87,69.22,-51.1,42.8,8.05
483,Kargil,0,IN,1594701889,29,34.57,76.1,60.93,2.42
484,Povenets,7,RU,1594701890,80,62.85,34.83,58.96,4.29
485,Little Current,1,CA,1594701890,87,45.98,-81.92,59.0,2.24
486,Tucupita,96,VE,1594701890,99,9.06,-62.05,73.92,2.28
487,Salinas,90,US,1594701890,72,36.68,-121.66,60.8,12.75
488,Viedma,0,AR,1594701891,73,-40.81,-63.0,39.25,11.27
489,Charters Towers,91,AU,1594701891,27,-20.1,146.27,68.7,12.06
490,Narnaul,16,IN,1594701891,30,28.04,76.11,102.33,10.87
491,Humboldt,1,US,1594701891,93,40.67,-123.92,55.99,5.82
492,Kollam,20,IN,1594701672,59,8.88,76.6,89.6,9.17
493,Namatanai,100,PG,1594701892,70,-3.67,152.43,83.95,7.65
494,Moree,90,AU,1594701892,71,-29.47,149.85,51.8,13.87
495,Dicabisagan,56,PH,1594701892,69,17.08,122.42,87.6,15.7
496,Arona,40,ES,1594701893,77,28.1,-16.68,73.0,3.36
497,Natal,5,BR,1594701751,88,-5.79,-35.21,69.8,4.7
498,Bajil,26,YE,1594701893,37,15.06,43.29,91.98,7.05
499,Hérouville-Saint-Clair,99,FR,1594701893,93,49.21,-0.31,59.0,6.93
500,Nevşehir,0,TR,1594701893,63,38.92,34.67,64.4,3.36
501,Kahului,40,US,1594701830,54,20.89,-156.47,84.2,21.92
502,Carora,97,VE,1594701894,76,10.18,-70.08,75.02,11.39
503,Khasan,34,RU,1594701894,73,42.43,130.64,68.67,8.37
504,Tchibanga,78,GA,1594701894,98,-2.85,11.03,64.42,1.28
505,Oparino,69,RU,1594701894,90,59.85,48.28,70.63,5.86
506,Thunder Bay,90,CA,1594701895,56,48.4,-89.32,68.0,18.34
507,Chicama,33,PE,1594701895,83,-7.84,-79.15,63.12,4.88
508,Honiara,90,SB,1594701895,83,-9.43,159.95,82.4,4.7
509,Batagay-Alyta,36,RU,1594701895,35,67.8,130.41,73.49,13.0
510,Antofagasta,0,CL,1594701806,87,-23.65,-70.4,51.8,4.7
511,Sola,99,VU,1594701896,78,-13.88,167.55,79.92,17.69
512,Lüderitz,0,NA,1594701896,58,-26.65,15.16,55.4,17.22
513,Rondonópolis,26,BR,1594701896,52,-16.47,-54.64,72.48,1.68
514,Lachhmangarh,32,IN,1594701896,35,27.82,75.03,99.28,12.62
515,Churapcha,33,RU,1594701896,29,62.0,132.43,84.76,9.55
516,Kita,100,ML,1594701897,91,13.03,-9.49,71.58,2.28
517,Saint Stephen,99,GB,1594701897,93,50.33,-4.9,59.0,9.17
518,Harihar,99,IN,1594701897,68,14.52,75.8,81.01,11.23
519,Kemin,99,KG,1594701897,31,42.78,75.69,78.46,6.06
520,Richards Bay,6,ZA,1594701696,69,-28.78,32.04,64.22,10.42
521,Saint-Leu,1,RE,1594701898,60,-21.15,55.28,73.4,4.7
522,Berlevåg,75,NO,1594701898,81,70.86,29.09,46.4,3.36
523,Lompoc,90,US,1594701898,87,34.64,-120.46,57.2,5.82
524,Terra Santa,14,BR,1594701898,82,-2.1,-56.49,72.93,0.78
525,Neryungri,73,RU,1594701898,50,56.67,124.65,80.76,3.18
526,Cristalina,0,BR,1594701899,59,-16.77,-47.61,56.79,2.08
527,Imeni Poliny Osipenko,5,RU,1594701899,48,52.42,136.49,79.74,3.94
528,The Pas,90,CA,1594701899,77,53.83,-101.25,62.6,4.7
529,Basco,84,PH,1594701899,77,20.45,121.97,84.6,17.09
530,Dourbali,97,TD,1594701899,66,11.81,15.86,81.37,7.31
531,Clearlake,0,US,1594701617,54,38.96,-122.63,73.0,3.56
532,Poronaysk,61,RU,1594701900,84,49.22,143.12,59.11,9.98
533,Küssnacht,10,CH,1594701900,87,47.09,8.44,57.0,2.04
534,Peniche,6,PT,1594701900,86,39.36,-9.38,64.99,5.01
535,Sumbe,68,AO,1594701900,82,-11.21,13.84,70.66,1.83
536,Lobito,48,AO,1594701901,85,-12.35,13.55,68.04,2.42
537,San Patricio,73,MX,1594701901,79,19.22,-104.7,79.07,1.99
538,Kirakira,100,SB,1594701901,80,-10.45,161.92,81.52,12.08
539,Shawnee,1,US,1594701901,73,39.05,-95.77,75.99,8.05
540,Kudahuvadhoo,42,MV,1594701902,66,2.67,72.89,84.4,4.0
541,Ratnagiri,100,IN,1594701866,85,16.98,73.3,80.37,7.05
542,Serebryansk,75,KZ,1594701902,88,49.69,83.29,62.6,4.47
543,Pandan,39,PH,1594701902,75,14.05,124.17,85.46,4.52
544,Richmond,20,US,1594701605,88,37.55,-77.46,78.01,1.99
545,Alliston,90,CA,1594701661,93,44.15,-79.87,64.99,6.02
546,Florianópolis,75,BR,1594701640,67,-27.61,-48.5,57.2,6.93
547,Oconomowoc,1,US,1594701903,100,43.11,-88.5,66.2,4.7
548,Haverfordwest,99,GB,1594701903,93,51.8,-4.97,59.0,8.05
549,Sabang,84,ID,1594701904,74,5.89,95.32,82.42,0.87
550,Tyrma,30,RU,1594701904,47,50.08,132.17,88.05,1.83
551,Minot,1,US,1594701886,55,48.23,-101.3,64.4,12.75
552,Alabaster,1,US,1594701904,94,33.24,-86.82,75.2,1.79
553,Bobo-Dioulasso,99,BF,1594701905,97,11.18,-4.3,71.29,7.11
554,Yulara,0,AU,1594701905,20,-25.24,130.99,64.4,10.29
555,Bilibino,100,RU,1594701905,51,68.05,166.44,65.53,8.95
556,Othaya,97,KE,1594701905,90,-0.57,36.96,53.01,4.0
557,São Gabriel da Cachoeira,2,BR,1594701906,96,-0.13,-67.09,71.31,0.58
558,Ongandjera,0,NA,1594701906,40,-17.88,15.07,49.96,5.46
559,Tiznit Province,0,MA,1594701906,60,29.58,-9.5,71.1,1.19
560,Paramonga,4,PE,1594701906,88,-10.67,-77.83,60.4,5.17
561,Djibo,100,BF,1594701907,70,14.1,-1.63,78.94,5.39
562,Cabo San Lucas,25,MX,1594701768,53,22.89,-109.91,87.01,5.01
563,Iqaluit,20,CA,1594701907,66,63.75,-68.51,51.8,9.17
564,Totness,0,SR,1594701907,88,5.88,-56.32,76.87,5.44
565,Gorontalo,6,ID,1594701907,71,0.54,123.06,85.71,5.86
566,Jishou,99,CN,1594701908,72,28.32,109.72,85.48,2.73
567,Dzaoudzi,40,YT,1594701908,69,-12.79,45.27,78.8,11.41
568,Karratha,0,AU,1594701908,25,-20.74,116.85,80.42,12.75
569,Qaqortoq,100,GL,1594701908,81,60.72,-46.03,48.2,4.7
570,Awjilah,0,LY,1594701909,44,29.11,21.29,74.95,7.67
571,Mashhad,0,IR,1594701901,27,36.3,59.61,86.0,4.7
572,Eyl,100,SO,1594701909,49,7.98,49.82,84.09,24.63
573,Luanda,50,AO,1594701629,89,-8.84,13.23,66.58,6.8
574,Sakakah,0,SA,1594701909,25,29.97,40.21,84.2,4.7
575,Wamba,100,NG,1594701910,95,8.93,8.6,71.1,3.62
576,Maicao,17,CO,1594701910,80,11.38,-72.24,79.47,15.28
577,Singkawang,100,ID,1594701910,86,0.9,109.0,77.59,5.68
578,Arlit,60,NE,1594701910,28,18.74,7.39,90.99,10.33
579,Ninh Binh,5,VN,1594701911,44,20.25,105.97,97.88,9.1
580,Reshetylivka,100,UA,1594701911,91,49.56,34.08,56.7,13.4
581,Camopi,2,GF,1594701911,97,3.17,-52.32,69.96,1.77
582,Anking,62,CN,1594701911,58,30.51,117.05,89.47,6.69
583,Adrar,0,MR,1594701911,28,20.5,-10.07,89.96,12.1
584,Pacific Grove,90,US,1594701721,82,36.62,-121.92,59.0,11.41
585,Sokoni,20,TZ,1594701912,100,-6.43,39.55,68.0,3.36
586,Lichuan,100,CN,1594701912,67,30.3,108.85,79.11,6.71
587,Caniço,20,PT,1594701912,82,32.63,-16.85,68.0,6.93
588,Rāiganj,69,IN,1594701912,62,25.62,88.12,92.23,8.28
589,Jijiga,86,ET,1594701913,73,9.35,42.8,63.79,20.31
590,Mount Gambier,40,AU,1594701913,67,-37.83,140.77,57.2,11.41
591,Ják,94,HU,1594701913,81,47.14,16.58,55.0,1.7
592,Laurel,75,US,1594701899,94,39.1,-76.85,77.0,4.72
593,Omboué,95,GA,1594701914,87,-1.57,9.26,71.71,8.48
594,Zeya,41,RU,1594701914,23,53.75,127.27,97.63,5.5
595,Kangaatsiaq,91,GL,1594701914,91,68.31,-53.46,40.46,8.9
